Date/Time,Count
09/04/2014 09:00,45
08/27/2014 21:00,160
09/04/2014 14:00,161
09/04/2014 16:00,167
08/28/2014 02:00,304
09/13/2014 03:00,476
09/11/2014 23:00,481
08/27/2014 22:00,208
09/10/2014 17:00,142
09/12/2014 23:00,388
08/28/2014 03:00,260
09/13/2014 01:00,472
09/13/2014 04:00,337
09/04/2014 23:00,435
09/13/2014 00:00,420
09/03/2014 21:00,277
09/04/2014 13:00,205
09/10/2014 19:00,162
08/28/2014 22:00,472
08/28/2014 07:00,35
08/28/2014 04:00,192
09/13/2014 02:00,488
08/27/2014 20:00,131
08/28/2014 23:00,492
09/11/2014 22:00,434
09/10/2014 15:00,101
09/12/2014 22:00,303
08/11/2014 05:00,94
08/09/2014 03:00,625
09/05/2014 23:00,559
08/11/2014 00:00,381
08/17/2014 05:00,345
08/11/2014 02:00,342
09/20/2014 04:00,296
09/01/2014 01:00,414
08/25/2014 21:00,157
08/12/2014 18:00,214
08/09/2014 22:00,501
08/30/2014 01:00,535
08/15/2014 22:00,446
08/11/2014 07:00,24
08/29/2014 01:00,546
08/30/2014 02:00,575
09/28/2014 22:00,198
09/12/2014 04:00,243
09/15/2014 03:00,146
08/08/2014 23:00,631
08/15/2014 23:00,505
09/04/2014 01:00,391
09/14/2014 04:00,325
08/12/2014 02:00,342
08/14/2014 22:00,469
08/25/2014 23:00,178
08/11/2014 03:00,278
08/12/2014 07:00,39
09/07/2014 02:00,574
09/12/2014 02:00,425
08/11/2014 01:00,432
08/09/2014 07:00,213
08/12/2014 00:00,383
08/09/2014 06:00,300
09/04/2014 05:00,127
09/15/2014 00:00,199
08/29/2014 03:00,461
09/07/2014 06:00,394
09/05/2014 22:00,434
09/20/2014 06:00,210
08/13/2014 06:00,74
08/26/2014 01:00,169
09/29/2014 04:00,118
09/27/2014 23:00,242
09/14/2014 01:00,323
08/25/2014 03:00,152
09/09/2014 13:00,160
08/29/2014 21:00,410
09/29/2014 03:00,181
09/11/2014 00:00,395
09/28/2014 01:00,343
09/11/2014 13:00,189
09/12/2014 00:00,481
09/16/2014 23:00,138
09/10/2014 14:00,148
08/23/2014 20:00,284
09/14/2014 20:00,147
08/29/2014 20:00,343
08/28/2014 00:00,296
09/01/2014 03:00,383
09/06/2014 22:00,457
09/07/2014 07:00,269
08/23/2014 03:00,507
08/30/2014 05:00,497
09/27/2014 04:00,366
09/11/2014 01:00,371
09/26/2014 14:00,91
08/23/2014 16:00,170
09/28/2014 12:00,48
09/08/2014 03:00,243
08/30/2014 06:00,320
09/10/2014 23:00,418
09/13/2014 13:00,82
09/08/2014 02:00,302
09/02/2014 10:00,94
08/27/2014 23:00,211
08/24/2014 11:00,31
09/27/2014 22:00,249
08/23/2014 13:00,83
09/05/2014 15:00,148
08/25/2014 00:00,220
09/22/2014 02:00,147
08/25/2014 07:00,21
09/07/2014 11:00,68
08/24/2014 09:00,45
09/05/2014 13:00,193
09/29/2014 02:00,223
09/29/2014 00:00,213
09/28/2014 11:00,42
08/31/2014 20:00,309
08/23/2014 14:00,111
09/24/2014 14:00,70
09/14/2014 21:00,169
08/22/2014 22:00,470
09/23/2014 13:00,75
08/31/2014 14:00,153
08/30/2014 15:00,196
09/25/2014 13:00,132
09/07/2014 12:00,101
09/01/2014 02:00,388
09/23/2014 14:00,64
09/15/2014 04:00,118
09/09/2014 12:00,146
08/30/2014 00:00,494
08/31/2014 13:00,130
09/25/2014 18:00,111
09/22/2014 03:00,131
09/05/2014 12:00,157
08/29/2014 23:00,527
09/25/2014 19:00,111
09/08/2014 00:00,330
08/31/2014 15:00,190
09/15/2014 02:00,183
09/17/2014 21:00,116
08/31/2014 00:00,446
09/18/2014 21:00,132
09/13/2014 22:00,287
08/21/2014 22:00,499
08/17/2014 22:00,367
09/27/2014 18:00,161
09/19/2014 22:00,202
08/16/2014 22:00,373
08/23/2014 01:00,427
09/01/2014 22:00,301
08/20/2014 00:00,440
09/13/2014 19:00,188
09/01/2014 00:00,429
09/14/2014 00:00,334
09/06/2014 01:00,551
08/30/2014 20:00,357
08/24/2014 02:00,371
09/14/2014 23:00,190
08/22/2014 20:00,302
09/01/2014 21:00,296
08/31/2014 22:00,382
08/31/2014 23:00,411
09/06/2014 20:00,357
08/31/2014 02:00,513
09/13/2014 20:00,251
08/19/2014 23:00,465
09/26/2014 22:00,207
08/17/2014 20:00,340
08/30/2014 21:00,387
08/30/2014 22:00,410
09/28/2014 02:00,364
09/19/2014 20:00,102
09/20/2014 20:00,191
09/01/2014 20:00,286
08/31/2014 01:00,467
09/20/2014 17:00,116
09/15/2014 01:00,191
09/07/2014 01:00,559
09/02/2014 00:00,303
08/21/2014 20:00,297
08/24/2014 00:00,350
09/01/2014 19:00,276
09/13/2014 21:00,248
08/21/2014 21:00,379
09/07/2014 00:00,492
09/06/2014 00:00,601
08/22/2014 18:00,240
09/29/2014 01:00,213
09/07/2014 03:00,488
09/01/2014 23:00,314
09/25/2014 04:00,131
08/18/2014 20:00,271
08/17/2014 02:00,397
09/05/2014 19:00,204
08/31/2014 03:00,522
09/22/2014 22:00,115
08/29/2014 05:00,250
09/19/2014 03:00,202
09/03/2014 23:00,436
09/08/2014 23:00,330
09/07/2014 22:00,338
08/21/2014 00:00,463
08/26/2014 21:00,160
09/28/2014 23:00,244
09/23/2014 23:00,186
09/06/2014 03:00,613
09/05/2014 01:00,447
08/17/2014 03:00,404
09/12/2014 03:00,424
09/02/2014 02:00,258
08/17/2014 01:00,372
08/15/2014 01:00,431
09/28/2014 05:00,347
09/05/2014 02:00,476
08/31/2014 05:00,416
08/12/2014 01:00,357
09/09/2014 00:00,315
09/25/2014 03:00,206
09/21/2014 04:00,302
09/03/2014 02:00,298
08/29/2014 04:00,397
09/20/2014 03:00,344
09/07/2014 20:00,293
09/06/2014 05:00,476
08/26/2014 00:00,201
09/21/2014 23:00,152
08/10/2014 03:00,650
09/30/2014 04:00,108
08/31/2014 06:00,358
08/11/2014 22:00,431
09/21/2014 06:00,264
08/25/2014 02:00,184
08/19/2014 02:00,307
08/10/2014 05:00,424
09/08/2014 22:00,299
09/21/2014 00:00,244
09/17/2014 02:00,193
08/10/2014 22:00,481
09/10/2014 21:00,270
08/24/2014 23:00,213
08/15/2014 21:00,399
09/12/2014 05:00,162
09/14/2014 22:00,173
09/14/2014 03:00,334
08/20/2014 01:00,391
08/16/2014 02:00,473
08/21/2014 02:00,380
08/12/2014 04:00,154
08/09/2014 04:00,523
09/21/2014 03:00,298
08/22/2014 23:00,455
08/10/2014 21:00,394
09/30/2014 02:00,133
09/03/2014 04:00,168
08/23/2014 05:00,267
09/30/2014 23:00,212
08/16/2014 05:00,336
08/16/2014 04:00,418
09/11/2014 03:00,284
08/22/2014 04:00,333
08/10/2014 23:00,430
09/09/2014 03:00,210
09/16/2014 00:00,171
09/06/2014 02:00,623
09/03/2014 03:00,268
08/10/2014 04:00,471
09/19/2014 01:00,241
09/19/2014 00:00,247
08/13/2014 03:00,292
09/28/2014 03:00,374
08/21/2014 06:00,73
08/19/2014 03:00,250
09/22/2014 04:00,97
09/03/2014 00:00,376
09/06/2014 04:00,562
08/23/2014 04:00,347
09/02/2014 04:00,156
08/16/2014 03:00,470
09/28/2014 00:00,243
09/17/2014 00:00,158
09/02/2014 01:00,293
09/09/2014 20:00,190
08/19/2014 22:00,477
09/27/2014 02:00,359
08/31/2014 04:00,492
08/20/2014 22:00,496
08/14/2014 23:00,478
09/10/2014 20:00,189
08/15/2014 00:00,497
08/16/2014 00:00,469
09/07/2014 04:00,502
09/25/2014 02:00,221
09/06/2014 21:00,405
09/18/2014 02:00,184
09/04/2014 02:00,377
09/26/2014 04:00,169
08/13/2014 01:00,409
09/23/2014 03:00,127
09/13/2014 23:00,288
09/11/2014 02:00,334
09/03/2014 22:00,400
09/12/2014 01:00,469
09/04/2014 04:00,225
09/05/2014 21:00,337
08/29/2014 02:00,545
09/11/2014 04:00,201
09/02/2014 03:00,246
08/13/2014 00:00,435
08/12/2014 22:00,522
09/30/2014 03:00,135
09/25/2014 23:00,218
09/05/2014 00:00,451
08/27/2014 03:00,176
09/24/2014 01:00,196
09/23/2014 04:00,96
09/23/2014 00:00,149
08/21/2014 23:00,465
08/21/2014 03:00,303
09/02/2014 23:00,418
09/02/2014 22:00,350
08/13/2014 22:00,540
09/28/2014 04:00,332
09/04/2014 00:00,401
09/03/2014 05:00,116
09/09/2014 23:00,358
08/15/2014 04:00,277
09/24/2014 22:00,147
08/24/2014 22:00,205
08/19/2014 21:00,396
08/18/2014 23:00,453
09/09/2014 21:00,218
08/19/2014 01:00,315
09/03/2014 01:00,350
09/20/2014 21:00,205
08/09/2014 05:00,403
09/06/2014 19:00,325
08/21/2014 04:00,207
08/20/2014 03:00,307
08/12/2014 23:00,549
09/10/2014 01:00,352
09/30/2014 01:00,183
09/09/2014 01:00,308
08/11/2014 21:00,339
08/26/2014 02:00,188
09/26/2014 03:00,230
09/26/2014 23:00,272
08/15/2014 02:00,436
09/24/2014 00:00,180
09/29/2014 22:00,193
09/17/2014 23:00,189
09/07/2014 05:00,456
08/10/2014 06:00,314
09/27/2014 05:00,301
09/07/2014 18:00,217
08/18/2014 22:00,416
08/13/2014 23:00,507
08/20/2014 21:00,388
09/22/2014 01:00,175
08/17/2014 00:00,366
09/27/2014 03:00,355
08/13/2014 02:00,353
09/10/2014 04:00,168
08/16/2014 01:00,463
09/04/2014 21:00,275
09/04/2014 22:00,343
09/30/2014 22:00,174
08/25/2014 01:00,185
09/25/2014 05:00,86
09/07/2014 21:00,312
09/17/2014 03:00,141
09/18/2014 03:00,169
09/05/2014 04:00,330
09/24/2014 23:00,164
09/17/2014 22:00,142
09/20/2014 05:00,262
09/04/2014 03:00,294
09/21/2014 05:00,263
08/20/2014 23:00,446
08/30/2014 03:00,600
08/16/2014 06:00,262
08/23/2014 00:00,509
09/06/2014 23:00,421
08/30/2014 23:00,463
09/27/2014 00:00,329
09/22/2014 00:00,142
08/19/2014 00:00,401
08/30/2014 04:00,541
09/18/2014 23:00,241
09/22/2014 16:00,55
09/19/2014 02:00,227
09/18/2014 22:00,165
09/18/2014 01:00,172
09/20/2014 00:00,256
09/19/2014 23:00,256
09/22/2014 18:00,69
09/22/2014 17:00,75
08/09/2014 00:00,609
08/10/2014 08:00,120
08/09/2014 20:00,438
08/09/2014 21:00,485
08/31/2014 19:00,284
08/12/2014 21:00,381
09/14/2014 05:00,302
08/12/2014 03:00,258
08/31/2014 21:00,334
08/08/2014 21:00,474
08/09/2014 19:00,378
08/09/2014 23:00,511
08/10/2014 02:00,537
08/10/2014 01:00,535
08/22/2014 21:00,386
08/10/2014 00:00,549
08/14/2014 02:00,436
08/08/2014 22:00,574
08/15/2014 20:00,324
08/08/2014 20:00,359
08/10/2014 07:00,221
08/23/2014 02:00,511
08/14/2014 20:00,267
08/12/2014 06:00,69
09/12/2014 15:00,123
09/11/2014 14:00,136
08/14/2014 07:00,47
08/14/2014 00:00,464
09/25/2014 12:00,106
09/06/2014 13:00,128
08/13/2014 05:00,121
09/06/2014 16:00,203
08/30/2014 18:00,312
09/04/2014 17:00,148
09/06/2014 18:00,281
09/24/2014 12:00,52
08/14/2014 12:00,221
08/13/2014 14:00,201
08/30/2014 19:00,322
08/28/2014 21:00,342
08/29/2014 18:00,225
08/13/2014 04:00,213
08/14/2014 01:00,489
08/14/2014 03:00,351
09/24/2014 13:00,90
08/17/2014 04:00,396
09/03/2014 11:00,145
08/14/2014 10:00,69
09/07/2014 13:00,123
08/15/2014 05:00,171
08/14/2014 04:00,255
08/30/2014 07:00,266
08/29/2014 06:00,141
09/03/2014 18:00,142
09/07/2014 14:00,131
08/29/2014 00:00,476
09/05/2014 10:00,96
09/07/2014 15:00,172
08/14/2014 19:00,223
09/12/2014 12:00,133
08/17/2014 06:00,253
09/29/2014 12:00,84
08/14/2014 21:00,363
08/16/2014 09:00,37
09/22/2014 20:00,92
08/27/2014 15:00,89
08/22/2014 00:00,463
08/19/2014 15:00,173
08/17/2014 21:00,368
09/08/2014 12:00,121
08/21/2014 01:00,409
08/13/2014 16:00,221
08/23/2014 23:00,297
08/14/2014 18:00,231
09/08/2014 13:00,158
09/30/2014 21:00,120
09/05/2014 14:00,149
09/18/2014 14:00,68
08/14/2014 17:00,216
09/26/2014 19:00,130
09/12/2014 16:00,99
08/23/2014 21:00,244
09/12/2014 13:00,177
09/23/2014 21:00,112
08/27/2014 16:00,107
09/10/2014 12:00,138
09/12/2014 19:00,150
08/13/2014 21:00,410
09/28/2014 07:00,215
09/13/2014 05:00,318
09/04/2014 15:00,150
09/22/2014 23:00,125
08/21/2014 17:00,223
09/25/2014 00:00,186
09/25/2014 21:00,163
08/13/2014 18:00,290
09/08/2014 14:00,126
09/04/2014 20:00,206
08/16/2014 08:00,92
09/11/2014 12:00,184
09/06/2014 07:00,250
08/07/2014 21:00,291
08/11/2014 18:00,201
08/07/2014 19:00,232
08/17/2014 08:00,92
08/18/2014 19:00,206
08/15/2014 03:00,360
08/11/2014 19:00,185
08/07/2014 23:00,440
08/07/2014 22:00,404
08/07/2014 20:00,255
08/19/2014 20:00,270
08/18/2014 21:00,354
08/11/2014 20:00,216
08/11/2014 23:00,412
08/20/2014 20:00,282
08/08/2014 01:00,423
08/12/2014 20:00,278
08/09/2014 01:00,566
08/08/2014 02:00,385
08/19/2014 19:00,225
09/13/2014 17:00,158
09/27/2014 14:00,121
09/25/2014 22:00,210
09/30/2014 17:00,102
09/19/2014 11:00,52
09/27/2014 11:00,50
09/13/2014 18:00,177
09/29/2014 16:00,90
09/24/2014 16:00,86
09/17/2014 17:00,55
09/30/2014 00:00,158
09/18/2014 15:00,72
09/10/2014 13:00,166
09/26/2014 12:00,89
09/16/2014 13:00,103
09/11/2014 20:00,202
09/29/2014 14:00,100
09/12/2014 14:00,140
09/19/2014 14:00,81
09/09/2014 14:00,131
09/22/2014 14:00,72
09/29/2014 20:00,111
09/23/2014 19:00,80
09/16/2014 10:00,31
09/24/2014 15:00,76
09/18/2014 17:00,73
09/24/2014 17:00,71
09/09/2014 11:00,136
09/29/2014 23:00,186
09/30/2014 14:00,75
09/18/2014 18:00,70
09/19/2014 13:00,92
09/15/2014 20:00,96
09/30/2014 12:00,109
09/30/2014 11:00,58
09/15/2014 13:00,87
09/19/2014 16:00,80
09/12/2014 20:00,174
09/13/2014 15:00,118
09/22/2014 13:00,77
09/11/2014 21:00,312
09/12/2014 09:00,34
09/30/2014 13:00,95
09/17/2014 18:00,71
09/25/2014 17:00,87
09/18/2014 16:00,71
09/11/2014 15:00,139
09/17/2014 19:00,96
09/15/2014 12:00,86
09/27/2014 13:00,81
09/19/2014 21:00,134
09/10/2014 16:00,128
09/17/2014 14:00,82
09/11/2014 18:00,151
09/29/2014 21:00,145
09/29/2014 15:00,91
09/24/2014 21:00,132
09/11/2014 19:00,192
09/09/2014 22:00,312
09/22/2014 15:00,68
09/18/2014 11:00,52
09/25/2014 14:00,110
09/23/2014 02:00,139
08/29/2014 22:00,501
09/10/2014 22:00,319
09/01/2014 18:00,248
09/23/2014 22:00,133
09/20/2014 19:00,146
09/25/2014 20:00,114
09/08/2014 20:00,167
09/24/2014 03:00,154
09/19/2014 04:00,158
08/02/2014 23:00,151
09/01/2014 06:00,167
08/04/2014 01:00,149
08/07/2014 00:00,352
08/03/2014 06:00,84
09/13/2014 06:00,251
09/07/2014 23:00,366
08/22/2014 02:00,442
08/16/2014 23:00,359
08/02/2014 21:00,144
08/12/2014 19:00,241
08/06/2014 22:00,297
08/07/2014 03:00,205
08/03/2014 23:00,132
08/02/2014 05:00,89
08/02/2014 06:00,64
08/16/2014 20:00,339
08/06/2014 23:00,300
08/28/2014 01:00,337
09/01/2014 04:00,366
08/02/2014 22:00,136
08/03/2014 01:00,143
09/09/2014 02:00,269
08/24/2014 06:00,247
08/05/2014 23:00,200
09/05/2014 03:00,416
08/03/2014 05:00,99
08/02/2014 03:00,144
08/08/2014 03:00,349
08/03/2014 20:00,136
09/29/2014 05:00,68
08/05/2014 01:00,152
09/16/2014 03:00,125
09/08/2014 05:00,101
08/25/2014 22:00,167
08/01/2014 23:00,163
08/16/2014 19:00,315
08/13/2014 20:00,288
08/17/2014 23:00,315
09/09/2014 04:00,127
08/09/2014 02:00,594
08/03/2014 00:00,152
08/04/2014 23:00,177
08/02/2014 04:00,107
08/26/2014 04:00,92
08/22/2014 05:00,186
08/03/2014 02:00,131
08/10/2014 19:00,366
08/08/2014 18:00,268
08/24/2014 01:00,354
08/03/2014 04:00,109
08/15/2014 19:00,267
08/03/2014 03:00,130
08/18/2014 02:00,223
09/14/2014 02:00,369
09/22/2014 05:00,60
08/22/2014 03:00,445
08/06/2014 21:00,247
08/08/2014 04:00,276
09/17/2014 04:00,102
08/20/2014 05:00,101
09/08/2014 04:00,175
09/14/2014 07:00,166
09/01/2014 05:00,275
08/05/2014 20:00,168
08/05/2014 00:00,161
08/10/2014 20:00,375
08/05/2014 21:00,189
08/04/2014 20:00,138
09/20/2014 02:00,334
08/05/2014 22:00,208
08/02/2014 20:00,128
08/04/2014 03:00,79
08/24/2014 04:00,352
08/16/2014 21:00,347
08/07/2014 02:00,272
08/04/2014 21:00,154
08/24/2014 05:00,289
08/09/2014 17:00,245
08/04/2014 02:00,101
08/08/2014 19:00,297
08/08/2014 00:00,404
08/18/2014 03:00,188
08/04/2014 22:00,156
08/03/2014 21:00,139
09/20/2014 23:00,249
08/15/2014 06:00,111
08/23/2014 07:00,148
08/18/2014 00:00,298
08/14/2014 06:00,116
08/31/2014 07:00,252
09/09/2014 05:00,101
08/24/2014 17:00,154
08/31/2014 08:00,148
08/18/2014 01:00,268
08/24/2014 18:00,166
09/26/2014 02:00,255
09/26/2014 01:00,241
08/31/2014 16:00,223
08/31/2014 18:00,274
08/31/2014 17:00,254
08/29/2014 17:00,204
08/29/2014 19:00,282
08/29/2014 15:00,189
08/23/2014 19:00,215
09/02/2014 14:00,154
08/19/2014 12:00,260
09/21/2014 20:00,93
08/14/2014 14:00,163
09/02/2014 18:00,174
08/21/2014 12:00,249
09/12/2014 21:00,211
08/22/2014 16:00,202
08/21/2014 11:00,133
08/24/2014 14:00,76
09/21/2014 18:00,83
09/21/2014 17:00,72
08/14/2014 11:00,138
08/26/2014 12:00,98
08/29/2014 14:00,212
08/19/2014 10:00,73
09/02/2014 13:00,191
08/24/2014 19:00,198
08/26/2014 20:00,101
09/07/2014 16:00,187
08/28/2014 05:00,89
08/28/2014 20:00,272
09/21/2014 15:00,84
09/02/2014 20:00,231
09/06/2014 17:00,236
08/30/2014 17:00,286
08/28/2014 19:00,189
09/30/2014 16:00,93
09/12/2014 18:00,123
08/30/2014 16:00,255
08/27/2014 17:00,98
09/28/2014 17:00,139
09/14/2014 17:00,117
08/28/2014 06:00,72
09/28/2014 15:00,124
09/28/2014 20:00,170
08/18/2014 15:00,168
08/18/2014 16:00,187
08/15/2014 17:00,191
09/11/2014 17:00,138
08/19/2014 16:00,210
08/17/2014 16:00,210
08/16/2014 15:00,133
08/18/2014 14:00,141
08/17/2014 19:00,303
08/20/2014 18:00,230
08/17/2014 14:00,139
08/17/2014 18:00,293
08/15/2014 18:00,240
08/17/2014 15:00,175
08/20/2014 15:00,182
08/11/2014 12:00,143
08/05/2014 13:00,70
08/19/2014 13:00,236
08/06/2014 12:00,64
08/08/2014 12:00,163
08/16/2014 17:00,218
08/12/2014 14:00,142
08/06/2014 13:00,68
08/06/2014 20:00,193
08/05/2014 15:00,91
08/05/2014 17:00,97
08/12/2014 12:00,194
08/29/2014 13:00,235
08/11/2014 14:00,154
08/26/2014 16:00,93
08/07/2014 18:00,189
08/12/2014 17:00,184
08/19/2014 14:00,146
08/08/2014 13:00,188
08/28/2014 12:00,183
08/11/2014 13:00,168
09/02/2014 11:00,134
08/11/2014 11:00,89
08/06/2014 17:00,105
08/05/2014 18:00,100
08/05/2014 11:00,39
08/22/2014 17:00,200
08/16/2014 16:00,173
08/13/2014 12:00,209
08/12/2014 16:00,214
08/11/2014 17:00,172
09/02/2014 21:00,295
08/15/2014 11:00,114
08/05/2014 19:00,124
09/02/2014 17:00,170
08/13/2014 13:00,260
08/14/2014 13:00,192
08/06/2014 16:00,87
08/05/2014 12:00,63
08/20/2014 14:00,202
08/22/2014 12:00,218
08/29/2014 12:00,202
08/08/2014 17:00,219
08/12/2014 13:00,175
08/16/2014 18:00,273
08/08/2014 16:00,214
08/13/2014 15:00,189
08/12/2014 11:00,127
08/05/2014 14:00,80
09/03/2014 12:00,185
08/18/2014 18:00,210
08/26/2014 15:00,83
08/11/2014 16:00,177
08/11/2014 15:00,139
08/06/2014 14:00,64
08/18/2014 17:00,199
08/28/2014 11:00,117
08/07/2014 17:00,172
08/12/2014 15:00,152
08/06/2014 15:00,82
09/02/2014 12:00,202
08/07/2014 10:00,48
08/08/2014 14:00,175
08/05/2014 16:00,93
08/23/2014 10:00,42
08/15/2014 13:00,217
08/15/2014 12:00,199
08/07/2014 16:00,159
08/20/2014 10:00,72
08/08/2014 11:00,89
08/07/2014 15:00,133
08/07/2014 11:00,81
08/06/2014 18:00,125
09/02/2014 15:00,169
08/13/2014 17:00,217
08/06/2014 11:00,61
08/22/2014 15:00,193
08/23/2014 17:00,200
08/21/2014 13:00,222
08/21/2014 19:00,222
09/21/2014 19:00,98
09/19/2014 15:00,81
08/22/2014 14:00,144
08/19/2014 11:00,152
09/26/2014 17:00,95
08/26/2014 10:00,32
09/20/2014 01:00,254
08/22/2014 19:00,251
09/03/2014 13:00,216
08/24/2014 16:00,136
08/26/2014 11:00,65
08/24/2014 15:00,128
09/18/2014 10:00,45
08/09/2014 08:00,111
08/08/2014 06:00,120
08/27/2014 04:00,122
08/27/2014 02:00,187
08/27/2014 05:00,70
08/07/2014 01:00,300
08/12/2014 05:00,117
08/08/2014 07:00,61
09/06/2014 06:00,414
08/09/2014 09:00,64
08/09/2014 10:00,50
09/07/2014 08:00,156
08/08/2014 05:00,192
09/05/2014 05:00,219
09/16/2014 22:00,172
09/14/2014 06:00,235
08/17/2014 13:00,81
08/30/2014 12:00,137
09/14/2014 18:00,136
08/18/2014 06:00,45
09/05/2014 17:00,134
09/17/2014 11:00,49
08/18/2014 04:00,126
08/17/2014 17:00,271
08/18/2014 10:00,65
08/17/2014 11:00,32
08/17/2014 07:00,188
08/18/2014 05:00,88
09/07/2014 17:00,199
08/23/2014 18:00,241
09/22/2014 11:00,35
09/19/2014 12:00,78
08/25/2014 05:00,64
09/11/2014 05:00,114
08/22/2014 01:00,460
09/20/2014 09:00,50
08/26/2014 03:00,157
08/20/2014 02:00,354
08/24/2014 07:00,193
08/23/2014 22:00,282
08/21/2014 05:00,113
09/04/2014 08:00,28
09/19/2014 07:00,46
09/19/2014 06:00,85
09/20/2014 07:00,148
09/11/2014 06:00,70
09/07/2014 09:00,72
09/02/2014 05:00,102
09/29/2014 09:00,26
08/25/2014 04:00,106
09/03/2014 06:00,68
07/27/2014 22:00,49
08/01/2014 12:00,53
08/01/2014 21:00,117
08/03/2014 22:00,124
08/09/2014 15:00,166
08/04/2014 16:00,69
07/31/2014 20:00,69
07/29/2014 12:00,17
08/22/2014 11:00,124
08/01/2014 19:00,76
07/26/2014 18:00,16
08/21/2014 15:00,161
08/18/2014 12:00,194
08/04/2014 13:00,45
08/18/2014 13:00,187
07/31/2014 11:00,24
07/30/2014 19:00,56
07/27/2014 15:00,20
08/01/2014 17:00,49
08/28/2014 17:00,154
08/04/2014 17:00,75
08/02/2014 19:00,123
07/26/2014 15:00,17
08/20/2014 13:00,233
08/04/2014 12:00,47
07/27/2014 18:00,34
08/19/2014 17:00,191
08/06/2014 19:00,170
08/20/2014 12:00,266
08/02/2014 18:00,96
07/30/2014 23:00,75
07/26/2014 22:00,43
07/28/2014 14:00,20
07/27/2014 21:00,50
08/03/2014 17:00,87
07/30/2014 21:00,64
09/26/2014 13:00,91
08/26/2014 19:00,103
07/30/2014 22:00,86
09/08/2014 11:00,99
07/28/2014 17:00,23
07/27/2014 19:00,33
08/03/2014 18:00,97
09/26/2014 20:00,149
08/10/2014 18:00,306
09/14/2014 16:00,116
08/10/2014 16:00,240
08/09/2014 14:00,160
07/27/2014 00:00,47
07/26/2014 14:00,11
07/31/2014 14:00,50
07/30/2014 16:00,31
07/27/2014 20:00,49
09/15/2014 11:00,65
07/27/2014 17:00,21
08/08/2014 15:00,204
07/26/2014 16:00,19
08/16/2014 14:00,148
08/03/2014 15:00,62
08/07/2014 12:00,107
09/26/2014 16:00,81
09/04/2014 12:00,160
07/28/2014 20:00,22
09/01/2014 15:00,192
08/09/2014 16:00,197
08/07/2014 13:00,130
08/09/2014 18:00,324
07/30/2014 15:00,37
09/28/2014 21:00,189
09/21/2014 13:00,64
08/03/2014 14:00,51
07/27/2014 16:00,26
08/02/2014 17:00,70
07/29/2014 13:00,26
09/23/2014 11:00,47
07/31/2014 18:00,48
07/28/2014 16:00,16
07/26/2014 21:00,36
07/31/2014 15:00,48
07/29/2014 11:00,11
09/28/2014 14:00,78
07/30/2014 18:00,66
09/01/2014 14:00,167
07/26/2014 23:00,40
07/31/2014 13:00,33
08/02/2014 15:00,66
09/10/2014 18:00,149
08/10/2014 15:00,171
08/02/2014 14:00,64
07/29/2014 14:00,29
08/10/2014 17:00,284
08/20/2014 11:00,133
09/29/2014 19:00,104
08/03/2014 19:00,122
07/28/2014 18:00,20
09/07/2014 19:00,273
08/01/2014 20:00,99
07/29/2014 16:00,33
08/25/2014 12:00,115
07/31/2014 22:00,101
09/26/2014 21:00,170
08/03/2014 16:00,71
08/01/2014 11:00,38
07/26/2014 17:00,18
08/01/2014 18:00,74
07/26/2014 19:00,31
07/26/2014 13:00,8
09/01/2014 13:00,127
08/24/2014 13:00,64
09/08/2014 15:00,135
07/31/2014 12:00,34
08/15/2014 15:00,153
09/04/2014 11:00,143
07/30/2014 17:00,43
07/30/2014 13:00,31
09/25/2014 16:00,98
07/31/2014 19:00,54
09/05/2014 16:00,156
09/23/2014 01:00,159
09/23/2014 12:00,68
08/29/2014 16:00,189
08/20/2014 16:00,204
09/15/2014 23:00,141
09/08/2014 16:00,113
09/06/2014 15:00,162
09/03/2014 20:00,198
09/29/2014 13:00,80
09/08/2014 18:00,129
09/23/2014 20:00,88
09/26/2014 18:00,97
09/11/2014 16:00,144
08/20/2014 17:00,199
09/17/2014 12:00,84
09/22/2014 19:00,67
08/26/2014 14:00,86
09/01/2014 12:00,92
09/17/2014 16:00,73
09/15/2014 15:00,77
09/26/2014 11:00,64
09/15/2014 18:00,80
09/08/2014 19:00,141
08/21/2014 18:00,247
09/25/2014 11:00,93
09/15/2014 19:00,77
09/10/2014 00:00,379
09/09/2014 15:00,124
09/09/2014 18:00,152
09/16/2014 12:00,69
09/01/2014 17:00,222
09/18/2014 12:00,77
09/24/2014 18:00,86
09/01/2014 16:00,213
09/16/2014 01:00,163
09/16/2014 19:00,79
09/22/2014 12:00,54
08/28/2014 16:00,142
08/20/2014 19:00,218
09/22/2014 21:00,104
09/23/2014 16:00,64
09/16/2014 15:00,91
09/09/2014 19:00,145
09/16/2014 16:00,77
09/29/2014 18:00,85
09/23/2014 18:00,88
09/17/2014 20:00,94
09/02/2014 19:00,189
09/30/2014 20:00,115
09/30/2014 18:00,82
09/26/2014 15:00,76
09/16/2014 20:00,85
09/25/2014 15:00,100
08/28/2014 10:00,68
09/21/2014 01:00,297
08/31/2014 11:00,66
08/31/2014 10:00,40
09/21/2014 07:00,192
09/21/2014 02:00,317
08/24/2014 10:00,26
09/27/2014 07:00,170
09/04/2014 07:00,45
08/24/2014 03:00,369
08/27/2014 10:00,39
08/16/2014 11:00,53
08/31/2014 09:00,64
08/25/2014 06:00,34
09/27/2014 06:00,272
09/21/2014 08:00,104
08/16/2014 10:00,43
08/30/2014 14:00,193
09/18/2014 07:00,30
09/17/2014 01:00,193
08/24/2014 08:00,85
08/30/2014 13:00,166
08/25/2014 11:00,64
08/25/2014 10:00,46
08/17/2014 09:00,38
09/01/2014 07:00,108
08/25/2014 09:00,23
08/23/2014 08:00,92
08/27/2014 12:00,124
09/18/2014 00:00,177
09/25/2014 01:00,208
09/26/2014 06:00,88
09/27/2014 17:00,145
09/04/2014 06:00,95
09/16/2014 02:00,136
09/24/2014 02:00,168
09/08/2014 01:00,316
09/26/2014 00:00,201
09/27/2014 01:00,324
09/15/2014 05:00,56
09/15/2014 22:00,138
09/21/2014 21:00,96
09/26/2014 07:00,42
09/10/2014 02:00,297
09/10/2014 06:00,72
09/10/2014 03:00,256
08/17/2014 10:00,23
09/10/2014 05:00,96
09/12/2014 06:00,77
09/07/2014 10:00,51
09/15/2014 10:00,30
09/14/2014 08:00,80
09/12/2014 07:00,50
08/29/2014 11:00,152
09/03/2014 16:00,178
08/26/2014 09:00,21
08/28/2014 15:00,122
08/25/2014 17:00,113
09/03/2014 17:00,162
09/04/2014 19:00,195
08/28/2014 18:00,167
09/09/2014 09:00,35
09/16/2014 09:00,21
09/08/2014 10:00,58
08/27/2014 09:00,24
08/01/2014 15:00,40
08/04/2014 14:00,50
08/02/2014 16:00,58
08/19/2014 18:00,211
08/09/2014 11:00,58
08/14/2014 15:00,173
08/26/2014 17:00,90
08/13/2014 11:00,121
07/29/2014 17:00,42
08/15/2014 16:00,183
08/07/2014 14:00,125
09/02/2014 16:00,161
07/31/2014 17:00,38
08/23/2014 11:00,41
09/04/2014 10:00,92
07/31/2014 16:00,40
08/25/2014 15:00,72
08/04/2014 11:00,34
08/26/2014 13:00,103
09/03/2014 15:00,173
08/04/2014 19:00,99
09/11/2014 10:00,135
08/01/2014 22:00,145
08/04/2014 18:00,93
08/24/2014 20:00,218
08/02/2014 01:00,152
08/14/2014 16:00,191
08/06/2014 00:00,199
08/02/2014 02:00,149
09/05/2014 20:00,249
08/22/2014 10:00,84
08/04/2014 00:00,135
08/22/2014 13:00,235
08/21/2014 16:00,208
08/16/2014 13:00,105
08/15/2014 10:00,54
09/05/2014 11:00,154
08/10/2014 11:00,51
08/10/2014 13:00,103
08/28/2014 14:00,134
08/10/2014 14:00,125
08/10/2014 12:00,58
08/16/2014 12:00,89
08/30/2014 11:00,77
09/05/2014 18:00,162
08/24/2014 21:00,204
08/26/2014 18:00,96
08/02/2014 00:00,165
09/09/2014 16:00,139
09/27/2014 20:00,195
09/27/2014 15:00,103
09/27/2014 16:00,123
09/14/2014 14:00,89
09/20/2014 18:00,128
09/06/2014 08:00,138
08/27/2014 00:00,193
09/16/2014 04:00,72
08/26/2014 05:00,74
09/26/2014 05:00,132
09/28/2014 08:00,145
08/25/2014 16:00,84
08/30/2014 08:00,131
09/28/2014 06:00,295
08/25/2014 18:00,118
08/26/2014 23:00,204
08/27/2014 01:00,211
09/09/2014 07:00,33
09/04/2014 18:00,175
08/29/2014 08:00,68
08/11/2014 04:00,156
09/15/2014 16:00,65
09/14/2014 13:00,76
08/12/2014 10:00,65
08/13/2014 10:00,71
08/11/2014 09:00,18
09/11/2014 11:00,155
08/09/2014 13:00,116
08/18/2014 11:00,106
09/06/2014 12:00,122
08/28/2014 13:00,168
08/27/2014 11:00,72
09/09/2014 10:00,75
08/25/2014 13:00,101
09/10/2014 11:00,126
09/06/2014 10:00,59
09/11/2014 09:00,30
08/27/2014 06:00,41
09/06/2014 11:00,93
09/25/2014 08:00,29
09/21/2014 11:00,34
08/26/2014 08:00,10
09/20/2014 15:00,101
08/28/2014 08:00,29
08/21/2014 07:00,38
09/21/2014 14:00,73
08/26/2014 07:00,21
09/13/2014 07:00,160
09/12/2014 08:00,34
09/24/2014 09:00,26
09/08/2014 07:00,37
08/20/2014 09:00,33
09/08/2014 08:00,30
09/19/2014 08:00,34
08/28/2014 09:00,25
08/21/2014 09:00,30
08/20/2014 08:00,36
09/13/2014 16:00,128
09/03/2014 07:00,28
09/11/2014 07:00,41
09/19/2014 05:00,111
09/13/2014 11:00,64
08/27/2014 14:00,96
08/14/2014 05:00,142
08/29/2014 09:00,44
08/05/2014 06:00,23
09/14/2014 09:00,39
07/28/2014 05:00,8
07/27/2014 07:00,6
07/27/2014 06:00,17
07/26/2014 01:00,36
07/27/2014 05:00,20
07/26/2014 06:00,13
08/05/2014 02:00,141
09/30/2014 07:00,28
08/05/2014 05:00,41
07/28/2014 02:00,25
07/27/2014 09:00,2
08/08/2014 10:00,56
09/29/2014 07:00,27
09/30/2014 05:00,62
08/02/2014 07:00,40
08/16/2014 07:00,180
07/27/2014 04:00,43
08/03/2014 08:00,26
08/05/2014 04:00,75
09/25/2014 06:00,59
07/28/2014 03:00,23
09/25/2014 07:00,36
07/26/2014 00:00,28
07/27/2014 03:00,41
09/23/2014 08:00,22
07/26/2014 05:00,14
08/05/2014 03:00,121
07/26/2014 03:00,36
09/27/2014 10:00,39
08/01/2014 05:00,39
08/05/2014 07:00,8
08/01/2014 06:00,20
09/24/2014 04:00,107
07/28/2014 01:00,33
09/18/2014 05:00,85
07/28/2014 06:00,6
09/23/2014 06:00,31
08/02/2014 08:00,18
09/23/2014 05:00,69
07/26/2014 09:00,1
07/28/2014 04:00,10
07/27/2014 02:00,44
09/15/2014 06:00,31
08/01/2014 04:00,59
09/23/2014 07:00,27
08/01/2014 08:00,9
08/02/2014 09:00,16
09/18/2014 06:00,48
09/15/2014 07:00,17
09/21/2014 22:00,128
09/20/2014 22:00,203
09/01/2014 08:00,67
09/08/2014 21:00,216
09/05/2014 06:00,101
08/20/2014 04:00,188
08/20/2014 06:00,69
08/22/2014 09:00,35
08/23/2014 06:00,233
08/22/2014 07:00,48
09/12/2014 17:00,121
08/07/2014 06:00,69
08/07/2014 07:00,35
08/04/2014 07:00,8
08/04/2014 06:00,12
08/07/2014 08:00,27
08/15/2014 07:00,71
08/07/2014 05:00,101
08/07/2014 04:00,178
08/11/2014 06:00,62
08/04/2014 05:00,24
08/08/2014 08:00,35
08/03/2014 07:00,54
08/04/2014 04:00,41
08/13/2014 19:00,270
08/06/2014 01:00,137
07/29/2014 20:00,53
07/27/2014 23:00,50
07/31/2014 01:00,75
07/30/2014 20:00,65
09/14/2014 19:00,157
08/01/2014 02:00,87
07/30/2014 02:00,36
07/31/2014 00:00,86
08/01/2014 00:00,91
07/31/2014 03:00,64
07/26/2014 20:00,31
09/15/2014 14:00,72
07/31/2014 02:00,65
08/01/2014 01:00,99
07/30/2014 00:00,76
07/27/2014 01:00,41
09/15/2014 21:00,96
07/31/2014 04:00,47
07/30/2014 01:00,51
07/29/2014 22:00,69
09/02/2014 07:00,43
09/02/2014 06:00,65
09/20/2014 13:00,79
08/01/2014 03:00,76
07/29/2014 23:00,64
07/29/2014 18:00,40
07/29/2014 21:00,48
08/19/2014 04:00,143
08/23/2014 15:00,138
09/09/2014 17:00,128
09/19/2014 17:00,78
09/24/2014 19:00,86
09/18/2014 13:00,82
09/30/2014 15:00,82
09/13/2014 14:00,96
09/12/2014 11:00,116
09/17/2014 15:00,56
09/19/2014 19:00,103
09/18/2014 19:00,102
09/17/2014 10:00,41
09/27/2014 12:00,85
09/30/2014 19:00,108
09/23/2014 15:00,68
09/23/2014 17:00,64
09/24/2014 20:00,113
08/15/2014 14:00,157
09/27/2014 19:00,135
08/21/2014 10:00,70
09/06/2014 14:00,172
08/21/2014 14:00,167
09/13/2014 12:00,66
09/16/2014 18:00,72
09/27/2014 21:00,186
09/03/2014 19:00,178
09/18/2014 20:00,108
08/25/2014 19:00,103
09/14/2014 12:00,52
08/11/2014 10:00,39
08/14/2014 09:00,38
08/06/2014 05:00,27
08/06/2014 04:00,47
08/06/2014 03:00,15
08/19/2014 06:00,48
08/06/2014 06:00,15
08/27/2014 13:00,99
09/03/2014 14:00,161
09/21/2014 12:00,55
08/19/2014 05:00,92
08/25/2014 20:00,137
09/29/2014 11:00,64
09/29/2014 10:00,46
09/17/2014 09:00,17
08/25/2014 14:00,90
08/27/2014 18:00,107
09/02/2014 08:00,42
09/03/2014 08:00,30
09/02/2014 09:00,20
09/12/2014 10:00,50
08/19/2014 07:00,47
08/27/2014 07:00,30
08/22/2014 06:00,97
07/29/2014 19:00,45
09/21/2014 16:00,88
09/30/2014 06:00,46
09/22/2014 06:00,27
09/03/2014 10:00,89
09/01/2014 09:00,48
08/26/2014 06:00,31
09/08/2014 09:00,28
09/20/2014 16:00,96
08/30/2014 10:00,68
09/16/2014 14:00,79
08/26/2014 22:00,191
09/25/2014 10:00,46
09/26/2014 10:00,40
09/16/2014 11:00,52
09/11/2014 08:00,37
08/22/2014 08:00,32
08/18/2014 08:00,20
09/19/2014 09:00,34
09/09/2014 08:00,35
09/10/2014 10:00,77
08/29/2014 10:00,82
08/19/2014 09:00,33
08/14/2014 08:00,31
09/27/2014 08:00,105
09/28/2014 09:00,62
09/17/2014 05:00,63
08/30/2014 09:00,86
09/03/2014 09:00,24
08/29/2014 07:00,92
09/22/2014 10:00,28
09/08/2014 17:00,136
09/17/2014 13:00,73
08/01/2014 13:00,42
08/03/2014 13:00,26
08/03/2014 12:00,22
08/02/2014 12:00,33
08/02/2014 13:00,56
08/03/2014 11:00,13
08/01/2014 14:00,42
08/04/2014 15:00,75
09/05/2014 07:00,84
09/13/2014 08:00,76
09/16/2014 05:00,50
09/13/2014 09:00,44
09/06/2014 09:00,65
09/24/2014 05:00,68
09/28/2014 19:00,181
07/30/2014 14:00,37
07/28/2014 19:00,31
07/28/2014 11:00,8
08/23/2014 12:00,63
08/27/2014 19:00,110
09/20/2014 08:00,84
08/15/2014 08:00,48
09/24/2014 10:00,40
08/23/2014 09:00,44
09/29/2014 06:00,56
09/18/2014 04:00,92
09/08/2014 06:00,57
09/15/2014 17:00,83
09/24/2014 11:00,43
08/25/2014 08:00,18
08/20/2014 07:00,29
08/21/2014 08:00,16
08/19/2014 08:00,34
09/26/2014 08:00,38
08/13/2014 07:00,34
09/25/2014 09:00,30
09/22/2014 08:00,18
08/10/2014 10:00,37
08/13/2014 09:00,26
09/29/2014 08:00,38
08/15/2014 09:00,33
09/16/2014 21:00,130
09/01/2014 11:00,53
08/10/2014 09:00,65
09/01/2014 10:00,51
09/29/2014 17:00,86
09/16/2014 17:00,50
09/17/2014 06:00,29
08/18/2014 07:00,29
09/28/2014 10:00,42
09/23/2014 10:00,40
09/30/2014 09:00,27
09/26/2014 09:00,37
09/14/2014 10:00,44
09/22/2014 07:00,23
07/31/2014 06:00,22
07/31/2014 09:00,7
09/27/2014 09:00,54
09/28/2014 13:00,78
09/30/2014 10:00,46
09/09/2014 06:00,44
09/10/2014 07:00,32
07/31/2014 23:00,99
07/31/2014 10:00,10
09/14/2014 15:00,97
09/13/2014 10:00,30
09/24/2014 06:00,40
09/19/2014 10:00,44
09/19/2014 18:00,75
09/28/2014 16:00,128
08/17/2014 12:00,49
08/27/2014 08:00,19
08/13/2014 08:00,25
08/08/2014 09:00,27
08/12/2014 08:00,22
09/05/2014 08:00,39
09/05/2014 09:00,49
08/03/2014 10:00,3
09/14/2014 11:00,44
08/11/2014 08:00,19
08/06/2014 10:00,30
08/06/2014 09:00,12
07/26/2014 02:00,41
09/24/2014 07:00,25
08/09/2014 12:00,87
09/20/2014 14:00,90
08/31/2014 12:00,77
09/10/2014 08:00,35
08/12/2014 09:00,16
09/15/2014 09:00,23
09/21/2014 09:00,40
09/15/2014 08:00,28
07/31/2014 21:00,76
09/21/2014 10:00,37
07/25/2014 23:00,40
08/24/2014 12:00,55
09/20/2014 12:00,76
09/16/2014 06:00,28
08/01/2014 16:00,55
08/05/2014 10:00,18
09/30/2014 08:00,20
09/28/2014 18:00,122
07/29/2014 10:00,5
07/29/2014 01:00,33
08/01/2014 10:00,12
07/30/2014 11:00,24
07/27/2014 13:00,8
07/30/2014 12:00,17
07/27/2014 11:00,2
07/28/2014 12:00,8
09/18/2014 09:00,26
08/02/2014 11:00,26
08/18/2014 09:00,18
09/17/2014 08:00,15
09/17/2014 07:00,16
09/18/2014 08:00,23
09/20/2014 10:00,44
09/20/2014 11:00,59
08/02/2014 10:00,13
09/16/2014 07:00,15
09/16/2014 08:00,18
08/01/2014 07:00,12
08/06/2014 07:00,7
08/03/2014 09:00,7
07/26/2014 07:00,4
07/28/2014 10:00,5
07/27/2014 08:00,5
08/06/2014 08:00,4
07/27/2014 12:00,7
09/23/2014 09:00,29
07/29/2014 15:00,38
07/28/2014 21:00,21
07/28/2014 22:00,34
07/28/2014 13:00,16
07/30/2014 03:00,24
07/30/2014 04:00,24
07/29/2014 00:00,39
07/29/2014 02:00,34
07/28/2014 23:00,39
07/29/2014 03:00,26
07/28/2014 00:00,37
09/22/2014 09:00,26
09/24/2014 08:00,18
07/30/2014 06:00,9
07/30/2014 09:00,3
07/30/2014 05:00,10
07/30/2014 07:00,3
08/07/2014 09:00,19
07/31/2014 05:00,25
07/30/2014 08:00,6
07/31/2014 07:00,19
08/01/2014 09:00,9
07/28/2014 09:00,2
07/26/2014 04:00,15
07/27/2014 14:00,8
09/10/2014 09:00,36
08/06/2014 02:00,3
07/29/2014 08:00,2
07/29/2014 04:00,7
07/31/2014 08:00,13
07/30/2014 10:00,9
07/26/2014 08:00,2
08/04/2014 08:00,4
08/04/2014 10:00,12
07/29/2014 06:00,2
07/29/2014 05:00,3
07/29/2014 07:00,1
07/29/2014 09:00,1
07/28/2014 15:00,9
08/05/2014 09:00,8
08/05/2014 08:00,3
07/28/2014 08:00,1
08/04/2014 09:00,6
07/26/2014 11:00,2
07/26/2014 12:00,4
07/26/2014 10:00,1
